esp_bautismo_total_S52,S52,597,23/12/2024
salud_medicion_total_may25,may-25,462,19/05/2025
salud_medicion_var_S16,S16,-0.1,21/04/2025
esp_consagracion_sc_pct_S49,S49,63.2,09/12/2024
esp_bautismo_var_S18,S18,0.2,05/05/2025
esp_consagracion_sc_total_S47,S47,861,18/11/2024
esp_consagracion_sc_total_S04,S04,853,20/01/2025
esp_bautismo_pct_S01,S01,44.2,06/01/2025
esp_bautismo_total_S04,S04,630,27/01/2025
esp_consagracion_2_pct_S51,S51,65.1,23/12/2024
esp_consagracion_v_var_S06,S06,0.3,10/02/2025
esp_consagracion_v_var_S48,S48,0,25/11/2024
esp_consagracion_sc_pct_jan25,jan25,63.1,20/01/2025
esp_consagracion_2_pct_jan25,jan25,65.7,20/01/2025
U2040_S07,S07,1368,17/02/2025
esp_bautismo_var_S49,S49,-0.3,09/12/2024
salud_medicion_total_S13,S13,454,24/03/2025
esp_consagracion_2_pct_feb25,feb-25,65.9,10/02/2025
esp_consagracion_2_var_S12,S12,-0.9,24/03/2025
salud_medicion_pct_apr25,apr25,32.8,21/04/2025
esp_consagracion_v_var_S15,S15,-0.4,14/04/2025
salud_medicion_total_S18,S18,458,05/05/2025
U2040_S17,S17,1393,28/04/2025
esp_bautismo_var_S04,S04,-0.5,27/01/2025
salud_medicion_total_feb25,feb-25,326,17/02/2025
esp_bautismo_pct_S49,S49,44.1,09/12/2024
esp_consagracion_v_pct_S19,S19,67.9,12/05/2025
esp_consagracion_2_total_S03,S03,886,20/01/2025
esp_consagracion_2_pct_S09,S09,65.1,03/03/2025
esp_consagracion_v_pct_dec24,dec24,67,30/12/2024
esp_consagracion_2_pct_feb25,feb-25,65,17/02/2025
salud_medicion_pct_mar25,mar-25,32.2,24/03/2025
esp_consagracion_2_total_S20,S20,897.5,19/05/2025
salud_medicion_var_S07,S07,-6.8,17/02/2025
esp_consagracion_v_pct_may25,may-25,67.4,19/05/2025
esp_bautismo_total_mar25,mar-25,638,24/03/2025
salud_medicion_total_mar25,mar-25,454,24/03/2025
esp_consagracion_2_pct_S08,S08,64.8,17/02/2025
salud_medicion_total_mar25,mar-25,368,17/03/2025
salud_medicion_total_S48,S48,269,25/11/2024
esp_consagracion_v_pct_nov24,nov-24,67.3,18/11/2024
esp_consagracion_v_pct_S04,S04,68.1,20/01/2025
salud_medicion_total_S17,S17,457,28/04/2025
salud_medicion_var_S52,S52,0,30/12/2024
esp_consagracion_v_pct_apr25,apr25,67.2,07/04/2025
esp_consagracion_v_pct_apr25,apr25,66.9,21/04/2025
esp_consagracion_sc_var_S02,S02,0.1,13/01/2025
esp_consagracion_sc_var_S05,S05,0.4,03/02/2025
esp_consagracion_sc_pct_mar25,mar-25,61.6,24/03/2025
esp_consagracion_v_pct_dec24,dec24,67,23/12/2024
esp_consagracion_sc_total_S03,S03,856,20/01/2025
salud_medicion_total_S51,S51,276,23/12/2024
salud_medicion_pct_feb25,feb-25,23.8,17/02/2025
esp_bautismo_total_S12,S12,635,24/03/2025
esp_consagracion_v_pct_S49,S49,67.1,09/12/2024
esp_consagracion_v_total_S13,S13,934,24/03/2025
esp_consagracion_2_pct_S48,S48,65.4,25/11/2024
salud_medicion_var_S10,S10,4.7,10/03/2025
esp_consagracion_v_pct_mar25,mar-25,67.3,24/03/2025
salud_medicion_total_S17,S17,457,21/04/2025
salud_medicion_var_S17,S17,0.3,21/04/2025
salud_medicion_total_apr25,apr25,454,07/04/2025
esp_consagracion_sc_var_S49,S49,-0.3,09/12/2024
esp_bautismo_var_S03,S03,0.4,20/01/2025
salud_medicion_pct_dec24,dec24,20.3,23/12/2024
esp_bautismo_var_S15,S15,0.1,14/04/2025
esp_bautismo_pct_S03,S03,44.4,20/01/2025
esp_consagracion_sc_pct_dec24,dec24,63.2,23/12/2024
esp_consagracion_sc_pct_jan25,jan25,63.1,13/01/2025
esp_consagracion_2_pct_may25,may-25,64.5,12/05/2025
esp_bautismo_total_S15,S15,643,14/04/2025
salud_medicion_pct_may25,may-25,33,19/05/2025
esp_consagracion_2_pct_S18,S18,64.1,05/05/2025
esp_bautismo_pct_S18,S18,46.3,05/05/2025
salud_medicion_total_may25,may-25,458,05/05/2025
esp_bautismo_pct_S05,S05,46.6,03/02/2025
salud_medicion_pct_S10,S10,26.8,10/03/2025
esp_consagracion_sc_pct_dec24,dec24,63,23/12/2024
salud_medicion_total_S49,S49,275,09/12/2024
esp_consagracion_sc_pct_feb25,feb-25,62.5,24/02/2025
esp_consagracion_sc_pct_S04,S04,63.2,27/01/2025
esp_consagracion_v_pct_S06,S06,68.3,10/02/2025
esp_consagracion_sc_pct_mar25,mar-25,61.7,24/03/2025
salud_medicion_total_S16,S16,457,21/04/2025
salud_medicion_pct_S49,S49,20.3,09/12/2024
esp_consagracion_2_var_S11,S11,0,17/03/2025
esp_consagracion_v_total_S17,S17,931,21/04/2025
esp_consagracion_v_pct_S10,S10,67.7,10/03/2025
esp_consagracion_2_var_S02,S02,0.1,13/01/2025
esp_consagracion_sc_var_S48,S48,0,25/11/2024
salud_medicion_pct_S07,S07,23.8,17/02/2025
esp_consagracion_sc_pct_S16,S16,61.1,21/04/2025
esp_consagracion_sc_pct_S02,S02,63.1,13/01/2025
esp_consagracion_sc_var_S09,S09,0,03/03/2025
esp_consagracion_v_var_S18,S18,0.2,05/05/2025
salud_medicion_var_S18,S18,0.4,05/05/2025
esp_bautismo_var_S11,S11,0,17/03/2025
esp_consagracion_2_total_S17,S17,890.5,21/04/2025
salud_medicion_pct_feb25,feb-25,24,24/02/2025
salud_medicion_pct_S51,S51,20.3,23/12/2024
salud_medicion_total_S12,S12,446,24/03/2025
esp_consagracion_v_pct_mar25,mar-25,67.7,17/03/2025
esp_consagracion_sc_total_S17,S17,850,21/04/2025
esp_consagracion_sc_total_S04,S04,857,27/01/2025
esp_consagracion_sc_pct_mar25,mar-25,62.5,17/03/2025
esp_consagracion_2_total_S01,S01,877.5,06/01/2025
salud_medicion_pct_S52,S52,20.3,23/12/2024
esp_consagracion_2_var_S07,S07,0.3,17/02/2025
salud_medicion_total_S15,S15,457,14/04/2025
salud_medicion_total_apr25,apr25,457,28/04/2025
salud_medicion_var_S20,S20,0.2,19/05/2025
U2040_S49,S49,1357,09/12/2024
salud_medicion_pct_S05,S05,20.9,03/02/2025
esp_bautismo_total_mar25,mar-25,633,03/03/2025
esp_consagracion_v_pct_apr25,apr25,66.9,28/04/2025
esp_consagracion_2_pct_dec24,dec24,65,23/12/2024
esp_consagracion_v_total_S15,S15,932,14/04/2025
esp_consagracion_2_pct_S13,S13,64.5,24/03/2025
esp_consagracion_sc_total_S13,S13,854,31/03/2025
U2040_S16,S16,1393,21/04/2025
esp_consagracion_v_var_S08,S08,-1.6,17/02/2025
esp_consagracion_sc_pct_may25,may-25,61.2,05/05/2025
esp_bautismo_total_may25,may-25,643,05/05/2025
esp_consagracion_sc_var_S11,S11,0,17/03/2025
esp_consagracion_sc_pct_apr25,apr25,61.1,28/04/2025
esp_bautismo_var_S16,S16,-0.1,21/04/2025
esp_consagracion_sc_pct_S03,S03,63.1,20/01/2025
esp_consagracion_v_pct_jan25,jan25,67,06/01/2025
esp_bautismo_pct_dec24,dec24,44.2,30/12/2024
esp_consagracion_2_total_S14,S14,891,07/04/2025
esp_consagracion_v_var_S14,S14,-0.2,07/04/2025
salud_medicion_var_S05,S05,0.4,03/02/2025
esp_bautismo_var_S47,S47,,18/11/2024
salud_medicion_total_S14,S14,454,07/04/2025
esp_consagracion_2_pct_S12,S12,64.5,24/03/2025
esp_bautismo_pct_mar25,mar-25,45.9,24/03/2025
esp_consagracion_2_total_S08,S08,890,17/02/2025
salud_medicion_pct_S19,S19,32.9,12/05/2025
esp_consagracion_2_var_S15,S15,-0.4,14/04/2025
salud_medicion_pct_S11,S11,26.8,17/03/2025
esp_consagracion_v_pct_S48,S48,67.3,25/11/2024
esp_bautismo_pct_mar25,mar-25,46,31/03/2025
esp_bautismo_total_S09,S09,633,03/03/2025
esp_bautismo_total_jan25,jan25,602,20/01/2025
esp_bautismo_pct_apr25,apr25,46.2,28/04/2025
esp_bautismo_var_S52,S52,0.4,23/12/2024
esp_consagracion_v_total_S14,S14,931,07/04/2025
esp_consagracion_v_pct_S04,S04,67.6,27/01/2025
esp_bautismo_var_S51,S51,0.1,23/12/2024
esp_consagracion_v_var_S12,S12,-0.5,24/03/2025
esp_consagracion_2_total_S02,S02,879.5,13/01/2025
esp_consagracion_sc_pct_dec24,dec24,63.2,09/12/2024
esp_consagracion_sc_var_S13,S13,-0.2,24/03/2025
esp_consagracion_2_pct_S08,S08,64.9,24/02/2025
salud_medicion_var_S17,S17,-0.3,28/04/2025
salud_medicion_total_S05,S05,282,03/02/2025
esp_consagracion_v_var_S03,S03,0.8,20/01/2025
esp_bautismo_total_nov24,nov-24,598,18/11/2024
esp_consagracion_2_total_S08,S08,890,24/02/2025
esp_consagracion_v_total_S52,S52,904,23/12/2024
salud_medicion_pct_S06,S06,21.2,10/02/2025
esp_consagracion_2_total_S13,S13,894,24/03/2025
salud_medicion_pct_S17,S17,32.9,21/04/2025
salud_medicion_total_S09,S09,351,03/03/2025
esp_consagracion_sc_pct_S51,S51,63.2,23/12/2024
esp_bautismo_pct_jan25,jan25,46.7,20/01/2025
esp_bautismo_total_may25,may-25,644,12/05/2025
salud_medicion_pct_apr25,apr25,32.8,28/04/2025
esp_bautismo_total_apr25,apr25,639,07/04/2025
esp_consagracion_v_total_S04,S04,916,20/01/2025
salud_medicion_pct_mar25,mar-25,25.6,03/03/2025
salud_medicion_var_S51,S51,0.6,23/12/2024
U2040_S14,S14,1385,07/04/2025
esp_bautismo_pct_mar25,mar-25,46,24/03/2025
esp_consagracion_sc_total_S14,S14,851,07/04/2025
esp_consagracion_sc_pct_feb25,feb-25,63.5,10/02/2025
esp_consagracion_sc_total_S12,S12,853,24/03/2025
salud_medicion_var_S12,S12,20.2,24/03/2025
salud_medicion_total_S08,S08,351,17/02/2025
U2040_S17,S17,1389,21/04/2025
esp_bautismo_total_S17,S17,643,28/04/2025
salud_medicion_total_apr25,apr25,457,21/04/2025
esp_bautismo_total_jan25,jan25,597,06/01/2025
esp_consagracion_2_pct_dec24,dec24,65.1,23/12/2024
esp_consagracion_v_pct_S14,S14,67.2,07/04/2025
salud_medicion_total_S06,S06,285,10/02/2025
esp_consagracion_2_total_S16,S16,891.5,21/04/2025
esp_bautismo_var_S50,S50,-0.2,16/12/2024
esp_consagracion_2_var_S13,S13,-0.1,24/03/2025
esp_consagracion_v_var_S19,S19,1.2,12/05/2025
esp_consagracion_2_total_S15,S15,891.5,14/04/2025
esp_consagracion_2_total_S10,S10,893,10/03/2025
salud_medicion_var_S06,S06,1.2,10/02/2025
esp_consagracion_2_pct_apr25,apr25,64,21/04/2025
esp_consagracion_v_pct_dec24,dec24,66.9,16/12/2024
esp_consagracion_sc_pct_dec24,dec24,63,30/12/2024
esp_consagracion_sc_var_S20,S20,-0.7,19/05/2025
salud_medicion_pct_S13,S13,32.7,24/03/2025
esp_consagracion_sc_pct_feb25,feb-25,62.4,17/02/2025
esp_bautismo_pct_may25,may-25,46.3,12/05/2025
esp_consagracion_2_var_S52,S52,0,30/12/2024
U2040_S06,S06,1345,10/02/2025
esp_consagracion_2_pct_S50,S50,65,16/12/2024
esp_bautismo_total_S18,S18,643,05/05/2025
esp_consagracion_sc_total_S05,S05,854,03/02/2025
salud_medicion_total_S13,S13,454,31/03/2025
salud_medicion_pct_jan25,jan25,20.9,20/01/2025
esp_consagracion_v_pct_jan25,jan25,68.1,20/01/2025
esp_consagracion_v_pct_feb25,feb-25,68.3,10/02/2025
esp_consagracion_sc_pct_S20,S20,60.7,19/05/2025
esp_bautismo_pct_apr25,apr25,46.2,21/04/2025
esp_bautismo_var_S02,S02,0,13/01/2025
esp_bautismo_pct_S13,S13,46,24/03/2025
esp_bautismo_total_S05,S05,628,03/02/2025
salud_medicion_total_apr25,apr25,457,14/04/2025
esp_consagracion_sc_var_S13,S13,0,31/03/2025
esp_consagracion_v_pct_jan25,jan25,67.6,20/01/2025
salud_medicion_pct_jan25,jan25,20.3,06/01/2025
esp_bautismo_var_S09,S09,-0.2,03/03/2025
salud_medicion_total_S20,S20,462,19/05/2025
esp_consagracion_sc_total_S17,S17,851,28/04/2025
salud_medicion_var_S04,S04,-0.5,27/01/2025
esp_bautismo_var_S17,S17,0.1,21/04/2025
esp_bautismo_pct_S08,S08,46.3,24/02/2025
esp_consagracion_2_total_S52,S52,877.5,23/12/2024
salud_medicion_total_mar25,mar-25,446,24/03/2025
esp_consagracion_v_pct_dec24,dec24,67.1,09/12/2024
esp_consagracion_sc_total_S52,S52,851,30/12/2024
esp_consagracion_v_var_S20,S20,-0.7,19/05/2025
esp_consagracion_v_pct_S05,S05,68.2,03/02/2025
esp_bautismo_pct_apr25,apr25,46.2,21/04/2025
esp_consagracion_v_pct_mar25,mar-25,67.3,31/03/2025
esp_consagracion_sc_pct_jan25,jan25,63,06/01/2025
salud_medicion_pct_S09,S09,25.6,03/03/2025
esp_bautismo_pct_S17,S17,46.2,28/04/2025
esp_consagracion_2_var_S51,S51,0.1,23/12/2024
esp_consagracion_sc_total_S48,S48,857,25/11/2024
esp_consagracion_sc_pct_dec24,dec24,63.4,25/11/2024
U2040_S04,S04,1357,27/01/2025
salud_medicion_pct_may25,may-25,32.9,05/05/2025
esp_consagracion_sc_pct_may25,may-25,61.2,12/05/2025
esp_consagracion_v_var_S11,S11,0,17/03/2025
esp_consagracion_2_total_S11,S11,893,17/03/2025
salud_medicion_total_jan25,jan25,275,13/01/2025
esp_consagracion_2_var_S49,S49,-0.3,09/12/2024
salud_medicion_var_S13,S13,1.5,24/03/2025
esp_consagracion_sc_pct_S18,S18,61.2,05/05/2025
esp_consagracion_v_total_S01,S01,904,06/01/2025
esp_consagracion_v_var_S17,S17,-0.2,28/04/2025
esp_consagracion_sc_var_S52,S52,-0.2,23/12/2024
esp_bautismo_total_S48,S48,598,25/11/2024
esp_consagracion_2_pct_S13,S13,64.5,31/03/2025
salud_medicion_total_jan25,jan25,274,06/01/2025
esp_consagracion_v_pct_S52,S52,67,30/12/2024
salud_medicion_total_jan25,jan25,282,20/01/2025
U2040_S01,S01,1350,06/01/2025
salud_medicion_pct_S01,S01,20.3,06/01/2025
esp_bautismo_pct_S07,S07,46.3,17/02/2025
esp_consagracion_2_total_S49,S49,884,09/12/2024
esp_consagracion_2_pct_S15,S15,64,14/04/2025
esp_consagracion_2_var_S04,S04,0.6,20/01/2025
esp_bautismo_total_S06,S06,631,10/02/2025
esp_bautismo_pct_S17,S17,46.2,21/04/2025
esp_bautismo_var_S04,S04,5.1,20/01/2025
esp_consagracion_2_var_S17,S17,-0.2,28/04/2025
esp_consagracion_2_pct_S52,S52,65,30/12/2024
esp_consagracion_sc_pct_apr25,apr25,61.4,07/04/2025
esp_consagracion_2_pct_jan25,jan25,65.3,20/01/2025
esp_consagracion_2_var_S52,S52,-0.1,23/12/2024
esp_consagracion_v_total_S12,S12,932,24/03/2025
esp_bautismo_total_S02,S02,598,13/01/2025
esp_bautismo_pct_S02,S02,44.2,13/01/2025
esp_consagracion_v_var_S49,S49,-0.3,09/12/2024
esp_consagracion_2_var_S17,S17,0.2,21/04/2025
esp_consagracion_2_pct_mar25,mar-25,64.5,31/03/2025
esp_bautismo_total_mar25,mar-25,638,31/03/2025
esp_consagracion_sc_var_S03,S03,0.1,20/01/2025
salud_medicion_total_S01,S01,274,06/01/2025
esp_bautismo_var_S52,S52,0,30/12/2024
esp_consagracion_2_pct_S52,S52,65,23/12/2024
esp_bautismo_total_dec24,dec24,598,23/12/2024
esp_consagracion_v_pct_mar25,mar-25,67.4,24/03/2025
salud_medicion_pct_S16,S16,32.8,21/04/2025
salud_medicion_total_dec24,dec24,276,23/12/2024
esp_consagracion_v_var_S02,S02,0.1,13/01/2025
esp_bautismo_total_S49,S49,599,09/12/2024
U2040_S52,S52,1350,30/12/2024
esp_consagracion_2_pct_S14,S14,64.3,07/04/2025
salud_medicion_pct_may25,may-25,32.9,12/05/2025
esp_consagracion_v_var_S01,S01,0,06/01/2025
esp_consagracion_sc_total_S06,S06,854,10/02/2025
esp_consagracion_v_pct_S18,S18,67.1,05/05/2025
salud_medicion_total_apr25,apr25,457,21/04/2025
esp_consagracion_v_total_S48,S48,909,25/11/2024
esp_consagracion_v_total_S03,S03,916,20/01/2025
esp_bautismo_pct_feb25,feb-25,46.2,17/02/2025
esp_consagracion_2_pct_S19,S19,64.5,12/05/2025
esp_consagracion_sc_pct_S05,S05,63.4,03/02/2025
salud_medicion_pct_mar25,mar-25,26.8,10/03/2025
salud_medicion_pct_S08,S08,24,24/02/2025
esp_consagracion_v_var_S16,S16,-0.1,21/04/2025
esp_consagracion_sc_var_S17,S17,0.2,21/04/2025
esp_bautismo_total_mar25,mar-25,634,10/03/2025
esp_consagracion_v_var_S07,S07,0.3,17/02/2025
esp_bautismo_pct_S50,S50,44,16/12/2024
esp_bautismo_total_S04,S04,628,20/01/2025
esp_consagracion_sc_total_S07,S07,856,17/02/2025
salud_medicion_total_S07,S07,326,17/02/2025
esp_consagracion_sc_total_S08,S08,857,17/02/2025
esp_consagracion_v_pct_S11,S11,67.7,17/03/2025
esp_consagracion_2_pct_S16,S16,64,21/04/2025
esp_consagracion_v_total_S49,S49,910,09/12/2024
esp_consagracion_sc_total_S19,S19,851,12/05/2025
esp_consagracion_v_pct_S03,S03,67.6,20/01/2025
esp_consagracion_sc_total_S18,S18,851,05/05/2025
salud_medicion_pct_S48,S48,19.9,25/11/2024
esp_consagracion_v_var_S47,S47,,18/11/2024
esp_bautismo_pct_jan25,jan25,44.2,06/01/2025
salud_medicion_total_S08,S08,329,24/02/2025
esp_consagracion_2_pct_mar25,mar-25,65.1,03/03/2025
esp_consagracion_2_pct_S04,S04,65.4,27/01/2025
esp_consagracion_v_pct_S07,S07,67.4,17/02/2025
esp_bautismo_var_S20,S20,-0.7,19/05/2025
esp_consagracion_v_total_S18,S18,932,05/05/2025
esp_consagracion_v_total_S05,S05,918,03/02/2025
esp_consagracion_sc_total_S11,S11,857,17/03/2025
esp_consagracion_sc_pct_jan25,jan25,63.2,27/01/2025
esp_bautismo_pct_S19,S19,46.3,12/05/2025
salud_medicion_pct_dec24,dec24,19.9,25/11/2024
U2040_S51,S51,1357,23/12/2024
esp_consagracion_sc_pct_feb25,feb-25,62.6,17/02/2025
esp_bautismo_pct_dec24,dec24,44.1,23/12/2024
esp_consagracion_sc_pct_S08,S08,62.4,17/02/2025
esp_consagracion_sc_pct_S17,S17,61.2,21/04/2025
salud_medicion_pct_S04,S04,21,20/01/2025
esp_consagracion_v_var_S52,S52,0,23/12/2024
esp_bautismo_var_S13,S13,0.2,24/03/2025
esp_consagracion_2_pct_mar25,mar-25,64.5,24/03/2025
U2040_S15,S15,1392,14/04/2025
esp_consagracion_v_var_S13,S13,0,31/03/2025
U2040_S03,S03,1356,20/01/2025
esp_consagracion_sc_pct_S04,S04,63.4,20/01/2025
esp_consagracion_2_total_S04,S04,887,27/01/2025
salud_medicion_pct_jan25,jan25,20.9,27/01/2025
esp_consagracion_sc_total_S15,S15,851,14/04/2025
esp_consagracion_v_pct_mar25,mar-25,67.7,03/03/2025
esp_consagracion_sc_var_S14,S14,-0.2,07/04/2025
esp_consagracion_2_pct_dec24,dec24,65.4,25/11/2024
esp_consagracion_2_total_S04,S04,884.5,20/01/2025
esp_bautismo_pct_feb25,feb-25,46.3,24/02/2025
esp_consagracion_2_var_S09,S09,0.3,03/03/2025
esp_consagracion_2_pct_S06,S06,65.9,10/02/2025
esp_consagracion_v_pct_feb25,feb-25,67.4,17/02/2025
esp_consagracion_v_total_S19,S19,944,12/05/2025
esp_consagracion_2_total_S13,S13,894,31/03/2025
U2040_S12,S12,1383,24/03/2025
esp_consagracion_sc_pct_feb25,feb-25,63.4,03/02/2025
esp_bautismo_var_S48,S48,0.4,25/11/2024
esp_consagracion_sc_var_S52,S52,0,30/12/2024
U2040_S20,S20,1401,19/05/2025
esp_consagracion_v_total_S09,S09,927,03/03/2025
esp_bautismo_pct_S12,S12,45.9,24/03/2025
salud_medicion_var_S48,S48,0.1,25/11/2024
esp_consagracion_v_var_S04,S04,0.7,20/01/2025
esp_consagracion_sc_total_S09,S09,856,03/03/2025
esp_consagracion_2_pct_apr25,apr25,64.3,07/04/2025
U2040_S05,S05,1347,03/02/2025
esp_consagracion_2_pct_S49,S49,65.1,09/12/2024
esp_consagracion_2_pct_S17,S17,64.1,21/04/2025
salud_medicion_var_S50,S50,-0.2,16/12/2024
esp_bautismo_total_dec24,dec24,599,16/12/2024
salud_medicion_total_S10,S10,368,10/03/2025
U2040_S47,S47,1357,18/11/2024
esp_bautismo_total_jan25,jan25,630,27/01/2025
esp_bautismo_var_S14,S14,0.3,07/04/2025
U2040_S08,S08,1373,17/02/2025
esp_consagracion_2_pct_apr25,apr25,64,28/04/2025
esp_bautismo_pct_S06,S06,46.9,10/02/2025
esp_consagracion_sc_var_S50,S50,-0.2,16/12/2024
salud_medicion_total_feb25,feb-25,282,03/02/2025
esp_consagracion_v_total_S11,S11,929,17/03/2025
salud_medicion_total_jan25,jan25,283,27/01/2025
esp_consagracion_sc_var_S15,S15,-0.5,14/04/2025
esp_bautismo_total_mar25,mar-25,634,17/03/2025
esp_consagracion_sc_pct_S08,S08,62.5,24/02/2025
esp_consagracion_2_total_S09,S09,891.5,03/03/2025
salud_medicion_pct_S13,S13,32.7,31/03/2025
esp_consagracion_v_pct_jan25,jan25,67,13/01/2025
esp_consagracion_2_pct_feb25,feb-25,64.8,17/02/2025
esp_consagracion_sc_var_S01,S01,0,06/01/2025
esp_consagracion_v_total_S52,S52,904,30/12/2024
esp_consagracion_sc_var_S18,S18,0.2,05/05/2025
esp_consagracion_sc_total_S01,S01,851,06/01/2025
esp_consagracion_v_pct_S20,S20,67.4,19/05/2025
salud_medicion_pct_feb25,feb-25,25.6,17/02/2025
esp_consagracion_2_total_S05,S05,886,03/02/2025
esp_consagracion_2_pct_feb25,feb-25,65.8,03/02/2025
esp_bautismo_var_S08,S08,-0.1,24/02/2025
esp_consagracion_sc_pct_S09,S09,62.5,03/03/2025
esp_bautismo_pct_S51,S51,44.1,23/12/2024
esp_bautismo_var_S10,S10,0,10/03/2025
U2040_S08,S08,1372,24/02/2025
esp_bautismo_pct_S52,S52,44.2,23/12/2024
esp_bautismo_total_may25,may-25,644,19/05/2025
esp_consagracion_2_var_S50,S50,-0.2,16/12/2024
U2040_S19,S19,1391,12/05/2025
esp_consagracion_2_var_S05,S05,0.6,03/02/2025
esp_bautismo_pct_apr25,apr25,46.2,14/04/2025
esp_bautismo_pct_feb25,feb-25,46.6,03/02/2025
salud_medicion_pct_mar25,mar-25,32.7,31/03/2025
esp_consagracion_2_pct_nov24,nov-24,65.4,18/11/2024
esp_consagracion_2_var_S08,S08,-1.7,17/02/2025
esp_bautismo_pct_may25,may-25,46.3,05/05/2025
esp_bautismo_pct_S15,S15,46.2,14/04/2025
esp_consagracion_v_pct_S47,S47,67.3,18/11/2024
esp_bautismo_total_S51,S51,598,23/12/2024
esp_consagracion_2_var_S14,S14,-0.2,07/04/2025
salud_medicion_total_mar25,mar-25,351,03/03/2025
salud_medicion_total_S04,S04,283,27/01/2025
esp_consagracion_v_total_S07,S07,922,17/02/2025
esp_bautismo_total_dec24,dec24,599,09/12/2024
esp_bautismo_total_S08,S08,635,17/02/2025
esp_bautismo_pct_S08,S08,46.2,17/02/2025
esp_bautismo_total_feb25,feb-25,628,03/02/2025
salud_medicion_total_S11,S11,368,17/03/2025
salud_medicion_var_S08,S08,0.6,24/02/2025
esp_consagracion_v_pct_S17,S17,66.9,28/04/2025
esp_bautismo_total_S52,S52,597,30/12/2024
esp_consagracion_sc_pct_apr25,apr25,61.1,21/04/2025
esp_consagracion_sc_pct_apr25,apr25,61.1,14/04/2025
esp_consagracion_v_total_S06,S06,919,10/02/2025
esp_bautismo_total_feb25,feb-25,631,10/02/2025
salud_medicion_pct_S20,S20,33,19/05/2025
esp_bautismo_pct_dec24,dec24,44,16/12/2024
salud_medicion_var_S09,S09,6.8,03/03/2025
esp_consagracion_v_total_S02,S02,906,13/01/2025
esp_bautismo_total_apr25,apr25,642,21/04/2025
esp_bautismo_pct_S04,S04,46.7,20/01/2025
esp_consagracion_2_var_S20,S20,-0.7,19/05/2025
esp_bautismo_pct_S10,S10,46.2,10/03/2025
esp_consagracion_sc_pct_mar25,mar-25,61.6,31/03/2025
esp_consagracion_sc_pct_S01,S01,63,06/01/2025
esp_consagracion_2_pct_S04,S04,65.7,20/01/2025
esp_consagracion_sc_pct_mar25,mar-25,62.5,03/03/2025
esp_consagracion_sc_var_S06,S06,0.1,10/02/2025
esp_bautismo_pct_feb25,feb-25,46.9,10/02/2025
esp_consagracion_2_pct_dec24,dec24,65.1,09/12/2024
esp_consagracion_v_pct_S13,S13,67.3,24/03/2025
salud_medicion_total_dec24,dec24,274,23/12/2024
esp_bautismo_var_S12,S12,-0.6,24/03/2025
salud_medicion_total_S02,S02,275,13/01/2025
salud_medicion_pct_mar25,mar-25,32.7,24/03/2025
esp_bautismo_total_S47,S47,598,18/11/2024
esp_consagracion_2_pct_feb25,feb-25,64.9,24/02/2025
salud_medicion_pct_S17,S17,32.8,28/04/2025
esp_consagracion_v_total_S04,S04,917,27/01/2025
U2040_S50,S50,1360,16/12/2024
esp_bautismo_pct_dec24,dec24,44.1,09/12/2024
U2040_S13,S13,1387,24/03/2025
esp_consagracion_sc_total_S13,S13,854,24/03/2025
esp_bautismo_total_S14,S14,639,07/04/2025
esp_consagracion_sc_pct_dec24,dec24,63.1,16/12/2024
salud_medicion_pct_S02,S02,20.3,13/01/2025
salud_medicion_pct_dec24,dec24,20.3,09/12/2024
esp_consagracion_v_pct_apr25,apr25,67,14/04/2025
salud_medicion_pct_apr25,apr25,32.8,14/04/2025
esp_bautismo_var_S01,S01,0,06/01/2025
esp_consagracion_2_total_S12,S12,892.5,24/03/2025
esp_consagracion_2_pct_mar25,mar-25,64.5,24/03/2025
esp_consagracion_sc_total_S50,S50,858,16/12/2024
esp_consagracion_2_pct_apr25,apr25,64.1,21/04/2025
U2040_S11,S11,1372,17/03/2025
salud_medicion_pct_apr25,apr25,32.9,21/04/2025
esp_consagracion_sc_pct_S13,S13,61.6,31/03/2025
esp_consagracion_sc_var_S10,S10,0,10/03/2025
esp_consagracion_2_pct_S10,S10,65.1,10/03/2025
salud_medicion_var_S03,S03,2.6,20/01/2025
esp_consagracion_2_pct_S01,S01,65,06/01/2025
esp_consagracion_2_pct_jan25,jan25,65,06/01/2025
esp_consagracion_2_pct_dec24,dec24,65,30/12/2024
esp_bautismo_total_S13,S13,638,24/03/2025
esp_consagracion_sc_var_S17,S17,-0.2,28/04/2025
esp_bautismo_pct_S48,S48,44.3,25/11/2024
esp_consagracion_2_var_S10,S10,0,10/03/2025
salud_medicion_total_mar25,mar-25,368,10/03/2025
esp_bautismo_pct_S13,S13,46,31/03/2025
salud_medicion_total_jan25,jan25,283,20/01/2025
salud_medicion_total_dec24,dec24,274,30/12/2024
esp_consagracion_sc_total_S20,S20,851,19/05/2025
esp_consagracion_v_var_S05,S05,0.9,03/02/2025
esp_consagracion_sc_pct_S15,S15,61.1,14/04/2025
esp_bautismo_total_apr25,apr25,643,14/04/2025
esp_bautismo_pct_mar25,mar-25,46.2,17/03/2025
esp_consagracion_v_var_S51,S51,0.1,23/12/2024
esp_consagracion_sc_total_S02,S02,853,13/01/2025
salud_medicion_pct_jan25,jan25,20.3,13/01/2025
U2040_S04,S04,1346,20/01/2025
esp_consagracion_sc_pct_S52,S52,63,30/12/2024
esp_consagracion_2_pct_S07,S07,65,17/02/2025
esp_consagracion_sc_pct_S19,S19,61.2,12/05/2025
esp_bautismo_var_S19,S19,0.1,12/05/2025
esp_consagracion_sc_pct_S47,S47,63.4,18/11/2024
esp_consagracion_v_var_S09,S09,0.6,03/03/2025
esp_consagracion_sc_pct_S07,S07,62.6,17/02/2025
esp_consagracion_2_pct_may25,may-25,64.1,19/05/2025
esp_consagracion_v_var_S13,S13,-0.1,24/03/2025
esp_consagracion_v_pct_S17,S17,67,21/04/2025
esp_consagracion_sc_pct_mar25,mar-25,62.5,10/03/2025
esp_consagracion_2_pct_S47,S47,65.4,18/11/2024
esp_bautismo_pct_mar25,mar-25,46.2,03/03/2025
esp_bautismo_total_S20,S20,644,19/05/2025
esp_consagracion_sc_var_S16,S16,-0.1,21/04/2025
salud_medicion_total_S50,S50,275,16/12/2024
esp_consagracion_2_total_S19,S19,897.5,12/05/2025
esp_consagracion_sc_total_S08,S08,857,24/02/2025
salud_medicion_pct_S04,S04,20.9,27/01/2025
esp_consagracion_sc_pct_S50,S50,63.1,16/12/2024
salud_medicion_total_dec24,dec24,275,16/12/2024
esp_consagracion_v_pct_S52,S52,67,23/12/2024
esp_consagracion_v_total_S20,S20,944,19/05/2025
esp_consagracion_v_pct_S01,S01,67,06/01/2025
salud_medicion_pct_S52,S52,20.3,30/12/2024
esp_consagracion_2_total_S52,S52,877.5,30/12/2024
esp_consagracion_2_var_S06,S06,0.2,10/02/2025
esp_consagracion_2_pct_S05,S05,65.8,03/02/2025
esp_bautismo_pct_S52,S52,44.2,30/12/2024
esp_bautismo_pct_jan25,jan25,46.4,27/01/2025
esp_bautismo_var_S08,S08,-1.4,17/02/2025
U2040_S18,S18,1390,05/05/2025
esp_consagracion_sc_pct_S11,S11,62.5,17/03/2025
esp_consagracion_2_pct_jan25,jan25,65.4,27/01/2025
esp_consagracion_sc_pct_S06,S06,63.5,10/02/2025
esp_bautismo_pct_dec24,dec24,44.3,25/11/2024
esp_consagracion_v_total_S10,S10,929,10/03/2025
esp_consagracion_v_total_S17,S17,932,28/04/2025
esp_consagracion_2_pct_S17,S17,64,28/04/2025
salud_medicion_pct_dec24,dec24,20.3,30/12/2024
esp_bautismo_pct_S14,S14,46.1,07/04/2025
esp_bautismo_total_S17,S17,642,21/04/2025
salud_medicion_pct_feb25,feb-25,20.9,03/02/2025
esp_consagracion_sc_total_S10,S10,857,10/03/2025
esp_consagracion_2_var_S01,S01,0,06/01/2025
esp_bautismo_pct_S04,S04,46.4,27/01/2025
esp_consagracion_2_var_S13,S13,0,31/03/2025
esp_bautismo_pct_jan25,jan25,44.4,20/01/2025
esp_consagracion_2_var_S47,S47,,18/11/2024
esp_consagracion_v_var_S52,S52,0,30/12/2024
salud_medicion_total_feb25,feb-25,285,10/02/2025
esp_bautismo_pct_S20,S20,46,19/05/2025
esp_consagracion_sc_total_S16,S16,851,21/04/2025
salud_medicion_var_S19,S19,-0.1,12/05/2025
esp_consagracion_v_pct_may25,may-25,67.9,12/05/2025
esp_bautismo_pct_nov24,nov-24,44.1,18/11/2024
esp_consagracion_v_var_S08,S08,-0.2,24/02/2025
esp_consagracion_v_pct_feb25,feb-25,67.3,24/02/2025
esp_consagracion_sc_pct_apr25,apr25,61.2,21/04/2025
esp_consagracion_2_total_S48,S48,883,25/11/2024
esp_bautismo_pct_S47,S47,44.1,18/11/2024
salud_medicion_var_S04,S04,0.4,20/01/2025
salud_medicion_pct_jan25,jan25,21,20/01/2025
esp_bautismo_pct_may25,may-25,46,19/05/2025
esp_consagracion_2_var_S19,S19,0.6,12/05/2025
esp_consagracion_2_total_S47,S47,887,18/11/2024
U2040_S09,S09,1370,03/03/2025
esp_consagracion_2_var_S04,S04,-0.5,27/01/2025
esp_consagracion_2_pct_S20,S20,64.1,19/05/2025
esp_consagracion_v_pct_S50,S50,66.9,16/12/2024
esp_consagracion_v_var_S10,S10,0.1,10/03/2025
esp_consagracion_2_var_S08,S08,-0.2,24/02/2025
esp_bautismo_total_feb25,feb-25,634,17/02/2025
esp_consagracion_v_var_S50,S50,-0.2,16/12/2024
esp_consagracion_2_total_S18,S18,891.5,05/05/2025
salud_medicion_pct_mar25,mar-25,26.8,17/03/2025
salud_medicion_total_S47,S47,270,18/11/2024
salud_medicion_total_nov24,nov-24,270,18/11/2024
esp_consagracion_2_total_S17,S17,891.5,28/04/2025
esp_consagracion_2_pct_S11,S11,65.1,17/03/2025
salud_medicion_var_S11,S11,0,17/03/2025
esp_consagracion_v_pct_apr25,apr25,67,21/04/2025
esp_consagracion_sc_total_S51,S51,857,23/12/2024
esp_bautismo_total_mar25,mar-25,635,24/03/2025
U2040_S13,S13,1387,31/03/2025
esp_consagracion_sc_pct_nov24,nov-24,63.4,18/11/2024
esp_consagracion_v_pct_feb25,feb-25,68.2,03/02/2025
esp_bautismo_pct_apr25,apr25,46.1,07/04/2025
esp_bautismo_total_S50,S50,599,16/12/2024
salud_medicion_pct_S15,S15,32.8,14/04/2025
esp_consagracion_2_pct_apr25,apr25,64,14/04/2025
esp_consagracion_sc_total_S52,S52,851,23/12/2024
esp_bautismo_var_S07,S07,0.2,17/02/2025
esp_bautismo_pct_S16,S16,46.2,21/04/2025
salud_medicion_var_S02,S02,0.2,13/01/2025
esp_consagracion_v_pct_feb25,feb-25,67.2,17/02/2025
salud_medicion_total_S52,S52,274,30/12/2024
salud_medicion_pct_nov24,nov-24,19.9,18/11/2024
esp_consagracion_v_pct_S12,S12,67.4,24/03/2025
U2040_S02,S02,1352,13/01/2025
esp_bautismo_total_jan25,jan25,598,13/01/2025
salud_medicion_pct_S08,S08,25.6,17/02/2025
salud_medicion_var_S01,S01,0,06/01/2025
salud_medicion_total_feb25,feb-25,329,24/02/2025
esp_consagracion_2_total_S06,S06,886.5,10/02/2025
esp_bautismo_total_S16,S16,643,21/04/2025
esp_bautismo_total_apr25,apr25,643,21/04/2025
esp_bautismo_total_S11,S11,634,17/03/2025
esp_consagracion_sc_var_S04,S04,0.4,20/01/2025
salud_medicion_total_dec24,dec24,275,09/12/2024
esp_consagracion_sc_var_S04,S04,-0.3,27/01/2025
esp_consagracion_sc_var_S51,S51,0.1,23/12/2024
salud_medicion_total_feb25,feb-25,351,17/02/2025
esp_bautismo_total_feb25,feb-25,635,24/02/2025
esp_consagracion_v_total_S51,S51,909,23/12/2024
esp_bautismo_total_dec24,dec24,597,30/12/2024
esp_consagracion_sc_var_S19,S19,-0.1,12/05/2025
esp_consagracion_2_pct_mar25,mar-25,65.1,10/03/2025
salud_medicion_var_S13,S13,0,31/03/2025
salud_medicion_pct_S47,S47,19.9,18/11/2024
esp_bautismo_pct_S09,S09,46.2,03/03/2025
esp_bautismo_total_dec24,dec24,597,23/12/2024
esp_consagracion_v_var_S17,S17,0.2,21/04/2025
salud_medicion_pct_S14,S14,32.8,07/04/2025
U2040_S48,S48,1351,25/11/2024
esp_consagracion_2_var_S18,S18,0.2,05/05/2025
esp_consagracion_v_pct_S13,S13,67.3,31/03/2025
esp_consagracion_sc_total_S49,S49,858,09/12/2024
salud_medicion_pct_S18,S18,32.9,05/05/2025
salud_medicion_total_S19,S19,458,12/05/2025
esp_consagracion_v_pct_may25,may-25,67.1,05/05/2025
esp_bautismo_total_jan25,jan25,628,20/01/2025
salud_medicion_var_S14,S14,0.1,07/04/2025
esp_consagracion_2_var_S16,S16,-0.1,21/04/2025
esp_consagracion_2_pct_may25,may-25,64.1,05/05/2025
esp_consagracion_2_pct_mar25,mar-25,65.1,17/03/2025
esp_consagracion_2_var_S48,S48,0,25/11/2024
esp_bautismo_total_S03,S03,602,20/01/2025
esp_consagracion_sc_pct_S48,S48,63.4,25/11/2024
esp_bautismo_total_S08,S08,635,24/02/2025
salud_medicion_pct_apr25,apr25,32.8,07/04/2025
esp_bautismo_var_S06,S06,0.6,10/02/2025
esp_consagracion_sc_pct_may25,may-25,60.7,19/05/2025
esp_consagracion_2_total_S50,S50,884,16/12/2024
esp_bautismo_pct_mar25,mar-25,46.2,10/03/2025
salud_medicion_total_S52,S52,274,23/12/2024
esp_consagracion_sc_var_S47,S47,,18/11/2024
esp_bautismo_var_S05,S05,0.4,03/02/2025
salud_medicion_var_S15,S15,0.2,14/04/2025
salud_medicion_total_S03,S03,283,20/01/2025
esp_bautismo_pct_dec24,dec24,44.2,23/12/2024
esp_consagracion_sc_pct_S10,S10,62.5,10/03/2025
esp_consagracion_sc_pct_S52,S52,63,23/12/2024
esp_consagracion_v_pct_jan25,jan25,67.6,27/01/2025
esp_bautismo_total_S07,S07,634,17/02/2025
salud_medicion_pct_S03,S03,20.9,20/01/2025
esp_consagracion_sc_pct_S17,S17,61.1,28/04/2025
U2040_S52,S52,1350,23/12/2024
esp_consagracion_v_pct_S02,S02,67,13/01/2025
salud_medicion_var_S49,S49,1.8,09/12/2024
salud_medicion_total_dec24,dec24,269,25/11/2024
esp_bautismo_pct_feb25,feb-25,46.3,17/02/2025
esp_bautismo_pct_jan25,jan25,44.2,13/01/2025
esp_consagracion_v_pct_dec24,dec24,67.3,25/11/2024
esp_bautismo_total_S13,S13,638,31/03/2025
salud_medicion_var_S47,S47,,18/11/2024
salud_medicion_var_S52,S52,-0.2,23/12/2024
esp_consagracion_v_var_S04,S04,-0.7,27/01/2025
esp_consagracion_v_pct_S51,S51,67,23/12/2024
esp_consagracion_sc_var_S07,S07,0.2,17/02/2025
esp_consagracion_sc_var_S12,S12,-1.3,24/03/2025
salud_medicion_var_S08,S08,20.6,17/02/2025
esp_consagracion_v_pct_S15,S15,67,14/04/2025
esp_consagracion_sc_pct_jan25,jan25,63.4,20/01/2025
esp_consagracion_sc_pct_S12,S12,61.7,24/03/2025
esp_consagracion_v_total_S08,S08,923,17/02/2025
esp_bautismo_total_dec24,dec24,598,25/11/2024
esp_bautismo_total_S01,S01,597,06/01/2025
esp_consagracion_v_total_S16,S16,932,21/04/2025
esp_consagracion_2_var_S03,S03,0.4,20/01/2025
esp_consagracion_v_pct_S09,S09,67.7,03/03/2025
esp_consagracion_2_pct_dec24,dec24,65,16/12/2024
esp_consagracion_sc_pct_S13,S13,61.6,24/03/2025
salud_medicion_pct_dec24,dec24,20.3,23/12/2024
salud_medicion_pct_feb25,feb-25,21.2,10/02/2025
salud_medicion_pct_S50,S50,20.2,16/12/2024
esp_consagracion_v_pct_S08,S08,67.2,17/02/2025
salud_medicion_total_mar25,mar-25,454,31/03/2025
U2040_S10,S10,1372,10/03/2025
esp_bautismo_total_apr25,apr25,643,28/04/2025
esp_consagracion_2_pct_jan25,jan25,65.1,13/01/2025
esp_consagracion_v_pct_mar25,mar-25,67.7,10/03/2025
esp_consagracion_v_pct_S08,S08,67.3,24/02/2025
esp_consagracion_v_pct_dec24,dec24,67,23/12/2024
esp_consagracion_v_total_S13,S13,934,31/03/2025
esp_consagracion_2_total_S51,S51,883,23/12/2024
salud_medicion_total_may25,may-25,458,12/05/2025
esp_bautismo_var_S13,S13,0,31/03/2025
esp_bautismo_pct_S11,S11,46.2,17/03/2025
esp_consagracion_v_total_S47,S47,913,18/11/2024
esp_consagracion_sc_var_S08,S08,-0.2,24/02/2025
salud_medicion_pct_dec24,dec24,20.2,16/12/2024
esp_consagracion_2_pct_S02,S02,65.1,13/01/2025
esp_bautismo_total_S10,S10,634,10/03/2025
esp_consagracion_2_pct_S03,S03,65.3,20/01/2025
esp_consagracion_v_total_S08,S08,923,24/02/2025
esp_consagracion_sc_pct_S14,S14,61.4,07/04/2025
esp_consagracion_2_total_S07,S07,889,17/02/2025
esp_bautismo_total_S19,S19,644,12/05/2025
esp_bautismo_total_feb25,feb-25,635,17/02/2025
esp_bautismo_var_S17,S17,-0.1,28/04/2025
salud_medicion_pct_S12,S12,32.2,24/03/2025
esp_consagracion_v_pct_S16,S16,66.9,21/04/2025
esp_consagracion_v_total_S50,S50,910,16/12/2024
esp_consagracion_sc_var_S08,S08,-1.7,17/02/2025
salud_medicion_total_S04,S04,282,20/01/2025
